<?xml version="1.0" encoding="UTF-8"?>
<ti:module xmlns:ti="http://ti.appcelerator.org" xmlns:android="http://schemas.android.com/apk/res/android">
	<!--
		Similar to tiapp.xml, but contains module/platform specific
		configuration in <iphone>, <android>, and <mobileweb> sections
	-->
	<iphone>
	</iphone>
	<android xmlns:android="http://schemas.android.com/apk/res/android">
	<manifest>
		<uses-permission android:name="android.permission.RECORD_AUDIO" /> 
	    <uses-permission android:name="android.permission.CAPTURE_AUDIO_OUTPUT" /> 
	    <uses-feature android:name="android.hardware.microphone" android:required="true" /> 
	    <uses-permission android:name="android.permission.MODIFY_AUDIO_SETTINGS" /> 
	    <uses-permission android:name="android.permission.WRITE_EXTERNAL_STORAGE" /> 
	    <uses-permission android:name="android.permission.WRITE_INTERNAL_STORAGE" />
	    <uses-permission android:name="android.permission.READ_EXTERNAL_STORAGE" />
	    <uses-permission android:name="android.permission.READ_INTERNAL_STORAGE" /> 
	</manifest>
	</android>
	<mobileweb>
	</mobileweb>
</ti:module>
